Codon,AminoAcid,Usage
UUU,F,Normal
UUC,F,Normal
UUA,L,Normal
UUG,L,Start
CUU,L,Normal
CUC,L,Normal
CUA,L,Normal
CUG,L,Normal
AUU,I,Normal
AUC,I,Normal
AUA,I,Normal
AUG,M,Start
GUU,V,Normal
GUC,V,Normal
GUA,V,Normal
GUG,V,Start
UCU,S,Normal
UCC,S,Normal
UCA,S,Normal
UCG,S,Normal
CCU,P,Normal
CCC,P,Normal
CCA,P,Normal
CCG,P,Normal
ACU,T,Normal
ACC,T,Normal
ACA,T,Normal
ACG,T,Normal
GCU,A,Normal
GCC,A,Normal
GCA,A,Normal
GCG,A,Normal
UAU,Y,Normal
UAC,Y,Normal
UAA,_,Stop
UAG,_,Stop
CAU,H,Normal
CAC,H,Normal
CAA,Q,Normal
CAG,Q,Normal
AAU,N,Normal
AAC,N,Normal
AAA,K,Normal
AAG,K,Normal
GAU,D,Normal
GAC,D,Normal
GAA,E,Normal
GAG,E,Normal
UGU,C,Normal
UGC,C,Normal
UGA,_,Stop
UGG,W,Normal
CGU,R,Normal
CGC,R,Normal
CGA,R,Normal
CGG,R,Normal
AGU,S,Normal
AGC,S,Normal
AGA,R,Normal
AGG,R,Normal
GGU,G,Normal
GGC,G,Normal
GGA,G,Normal
GGG,G,Normal
